catalog_id, department, title
AHIS-101, Art History, Intro Hist of Art West I
AHIS-103, Art History, Intro to Asian Art
AHIS-105, Art History, History of World Cinema
AHIS-202, Art History, Closer Look at Art & Architecture
AHIS-207, Art History, The Arts of China
AHIS-208, Art History, The Arts of Japan Hyland
AHIS-223, Art History, Medieval Art and Architecture
AHIS-246, Art History, Art in the Age of Absolutism
AHIS-247, Art History, Architecture & Urbanism
AHIS-252, Art History, 18 Century Art & Architecture
AHIS-258, Art History, History of the Decorative Arts
AHIS-261, Art History, 19th-Century Painting & Sculpture
AHIS-282, Art History, 20th Century Avant Garde
AHIS-283, Art History, Contemporary Art
AHIS-286, Art History, Modern Architecture: 1900-Present
AHIS-292, Art History, History of Photography
AHIS-294, Art History, The Arts of Africa
AHIS-301, Art History, Major Seminar Art History Methodology
AHIS-361, Art History, Seminar 19th Cent Art: Impressionism
AHIS-334, Art History, Patrons & Artists in Italian Renaissance
AHIS-381, Art History, Seminar: Museum Issues
AHIS-38, Art History, Sem: Picasso & Contemp. Art
AMST-203, American Studies, Conflicts & Cultures American Society
AMST-210, American Studies, Doing Culture
AMST-254, American Studies, Invisible Man & Black Modern Expression
AMST-263, American Studies, American Civil Rights Movement
AMST-284, American Studies, Food and American Culture
AMST-301, American Studies, Jr. Sem.: American Texts
AMST-332, American Studies, Credit and Crisis
AMST-340, American Studies, Body in 19th Century American Culture
AMST-346, American Studies, Sexuality Nation Race Gender
AMST-380, American Studies, Vietnam War & American Culture
AMST-409, American Studies, Race, Gender, Global Security
AMST-409, American Studies, Equality and its Discontents
AMST-423, American Studies, The History of American Sports
AMST-425, American Studies, Museums, Vis Cultural & Crital Theory
AMST-468, American Studies, American Labor & Cultural Politics
AMST-802, American Studies, Primary Research Materials
AMST-803, American Studies, Historiography & Historical Research
AMST-823, American Studies, The History of American Sports
AMST-825, American Studies, Museums, Vis Cultural & Critical Theory
AMST-838, American Studies, America Collects Itself
AMST-868, American Studies, American Labor & Cultural Politics
AMST-870, American Studies, National American Pictorial Narrative
ANTH-101, Anthropology, Intro to Cultural Anthropology
ANTH-101, Anthropology, Intro to Cultural Anthropology
ANTH-207, Anthropology, Anthropology Perspective Women & Gender
ANTH-215, Anthropology, Medical Anthropology
ANTH-227, Anthropology, Intro to Political Ecology
ANTH-228, Anthropology, Anthropology from Margins/South Asia
ANTH-244, Anthropology, Borderlands of East & SouthEast Asia
ANTH-245, Anthropology, Anthropology & Global Health
ANTH-250, Anthropology,  Mobility and Sustainability
ANTH-300, Anthropology, Junior Seminar
ANTH-301, Anthropology, Ethnographic Methods & Writing
ANTH-302, Anthropology, History of Anthropological Thought
ANTH-305, Anthropology, Identities in Britain & Ireland
ANTH-308, Anthropology, Anthropology of Place
ANTH-310, Anthropology, Anthropology of Development
ANTH-401, Anthropology, Advanced Seminar in Contemporary Anthropology
ARAB-101, Arabic, Intensive Elementary Arabic I
ARAB-201, Arabic, Intermediate Arabic I
ARAB-301, Arabic, Intermediate Arabic III
ARAB-401, Arabic, Advanced Arabic (Conv & Comp)
BIOL-141, Biology, Global Perspective Biodiversty & Conserv
BIOL-182, Biology, Evolution of Life
BIOL-211, Biology, Electron Microscopy
BIOL-215, Biology, Botany
BIOL-224, Biology, Genetics
BIOL-226, Biology, Recombinant DNA Technology
BIOL-250, Biology, Genomics Research Seminar
BIOL-317, Biology, Biochemistry
BIOL-333, Biology, Ecology
BIOL-403, Biology, Research Seminar
BIOL-456, Biology, Biology of Communication
